HJD,UT Date,Camera,FWHM,Limit,mag,mag_err,flux(mJy),flux_err,Filter
2457745.15505,2016-12-22.6515425,bb,1.77,17.735,>17.735,99.990,-0.011,0.062,V
2457747.17324,2016-12-24.6695863,bb,1.79,16.926,>16.926,99.990,-0.034,0.130,V
2457757.16055,2017-01-03.6562776,bb,1.60,17.857,>17.857,99.990,0.025,0.055,V
2457759.05796,2017-01-05.5535732,bb,2.03,17.621,>17.621,99.990,0.128,0.069,V
2457761.90431,2017-01-08.3997804,bb,1.65,17.242,>17.242,99.990,-0.099,0.097,V
2457763.12862,2017-01-09.6240278,bb,1.70,17.876,>17.876,99.990,-0.033,0.054,V
2457763.89744,2017-01-10.3928173,bb,1.73,17.196,>17.196,99.990,0.285,0.102,V
2457770.00659,2017-01-16.5016976,bb,2.20,16.981,>16.981,99.990,0.371,0.124,V
2457771.02198,2017-01-17.5170532,bb,2.25,17.460,>17.460,99.990,0.105,0.080,V
2457772.09627,2017-01-18.5913071,bb,2.31,16.644,>16.644,99.990,0.225,0.169,V
2457773.12175,2017-01-19.6167523,bb,2.27,17.875,>17.875,99.990,0.051,0.054,V
2457774.13358,2017-01-20.6285539,bb,2.13,17.927,>17.927,99.990,-0.104,0.052,V
2457775.13402,2017-01-21.6289568,bb,1.74,17.767,>17.767,99.990,0.057,0.060,V
2457779.06712,2017-01-25.5619569,bb,1.79,18.156,>18.156,99.990,0.076,0.042,V
2457783.10288,2017-01-29.5976326,bb,1.72,18.073,>18.073,99.990,0.111,0.045,V
2457784.95647,2017-01-31.4511907,bb,1.71,18.172,>18.172,99.990,-0.038,0.041,V
2457788.82494,2017-02-04.3196211,bb,1.74,17.681,>17.681,99.990,0.026,0.065,V
2457789.99991,2017-02-05.4945776,bb,1.69,17.903,>17.903,99.990,0.078,0.053,V
2457798.96126,2017-02-14.4559403,bb,2.13,17.680,>17.680,99.990,-0.019,0.065,V
2457807.01666,2017-02-22.5114615,bb,1.58,17.945,>17.945,99.990,-0.001,0.051,V
2457817.81824,2017-03-05.3133679,bb,2.26,17.752,>17.752,99.990,0.033,0.061,V
2457825.81926,2017-03-13.3147409,bb,1.91,16.715,>16.715,99.990,0.261,0.158,V
2457827.90390,2017-03-15.3994869,bb,1.70,17.273,>17.273,99.990,0.156,0.095,V
2457835.86999,2017-03-23.3660422,bb,1.70,18.084,>18.084,99.990,-0.088,0.045,V
2457843.89829,2017-03-31.3948797,bb,1.70,18.065,>18.065,99.990,0.074,0.046,V
2457847.81060,2017-04-04.3074689,bb,1.84,17.804,17.644,0.189,0.336,0.058,V
2457851.79165,2017-04-08.2888302,bb,2.13,16.792,>16.792,99.990,-0.270,0.147,V
2457855.85553,2017-04-12.3530364,bb,1.88,16.948,>16.948,99.990,-0.317,0.128,V
2457859.88944,2017-04-16.3872814,bb,1.60,17.511,>17.511,99.990,-0.057,0.076,V
2457878.76622,2017-05-05.2657421,bb,1.81,17.359,>17.359,99.990,0.244,0.087,V
2457879.76258,2017-05-06.2621947,bb,2.08,17.132,>17.132,99.990,0.034,0.108,V
2457883.82188,2017-05-10.3218724,bb,1.66,16.797,>16.797,99.990,-0.096,0.147,V
2457900.76427,2017-05-27.2658039,bb,1.75,17.854,>17.854,99.990,0.104,0.055,V
2458034.14003,2017-10-07.6431741,bb,1.68,16.685,>16.685,99.990,0.121,0.163,V
2458037.13070,2017-10-10.6336137,bb,1.68,17.079,>17.079,99.990,0.262,0.113,V
2458038.12646,2017-10-11.6292916,bb,1.66,17.494,>17.494,99.990,-0.001,0.077,V
2458054.09977,2017-10-27.6012276,bb,1.76,17.697,>17.697,99.990,0.131,0.064,V
2458055.09968,2017-10-28.6010468,bb,1.61,17.844,>17.844,99.990,0.012,0.056,V
2458055.99391,2017-10-29.4951869,br,1.75,18.722,>18.722,99.990,-0.023,0.024,g
2458056.09557,2017-10-29.5968459,bb,1.72,17.871,>17.871,99.990,0.011,0.055,V
2458056.99117,2017-10-30.4923679,br,1.49,18.711,>18.711,99.990,0.057,0.024,g
2458057.09169,2017-10-30.5928807,bb,1.68,17.537,>17.537,99.990,-0.074,0.074,V
2458060.10594,2017-11-02.6068447,bb,1.98,17.161,>17.161,99.990,0.026,0.105,V
2458060.98055,2017-11-03.4813744,br,1.46,17.750,>17.750,99.990,0.033,0.058,g
2458061.12440,2017-11-03.6252057,bb,1.77,17.041,>17.041,99.990,0.414,0.117,V
2458061.96908,2017-11-04.4698082,br,1.57,17.205,>17.205,99.990,-0.263,0.095,g
2458062.11665,2017-11-04.6173716,bb,1.73,16.788,>16.788,99.990,0.078,0.148,V
2458064.14777,2017-11-06.6483001,bb,1.77,17.069,>17.069,99.990,-0.168,0.114,V
2458074.98356,2017-11-17.4830718,br,1.50,18.515,>18.515,99.990,-0.015,0.029,g
2458075.12291,2017-11-17.6224070,bb,1.68,18.055,>18.055,99.990,0.139,0.046,V
2458075.98514,2017-11-18.4845547,br,1.44,18.926,>18.926,99.990,0.031,0.020,g
2458077.97611,2017-11-20.4753435,br,1.80,18.847,>18.847,99.990,0.005,0.021,g
2458079.08129,2017-11-21.5804101,bb,1.66,18.018,>18.018,99.990,-0.014,0.048,V
2458079.97224,2017-11-22.4712902,br,1.41,18.721,>18.721,99.990,-0.017,0.024,g
2458080.95264,2017-11-23.4515879,br,1.66,18.782,>18.782,99.990,0.032,0.022,g
2458081.94169,2017-11-24.4405560,br,1.50,18.671,>18.671,99.990,-0.129,0.025,g
2458082.93790,2017-11-25.4366663,br,1.67,18.965,>18.965,99.990,0.019,0.019,g
2458083.92301,2017-11-26.4216921,br,1.35,18.540,>18.540,99.990,0.022,0.028,g
2458084.91823,2017-11-27.4168083,br,1.49,18.952,>18.952,99.990,-0.009,0.019,g
2458085.91513,2017-11-28.4136210,br,1.82,18.857,>18.857,99.990,-0.031,0.021,g
2458092.12111,2017-12-04.6190585,bb,1.75,17.122,>17.122,99.990,0.188,0.109,V
2458100.01780,2017-12-12.5150800,bb,1.72,17.963,>17.963,99.990,0.020,0.050,V
2458101.97718,2017-12-14.4743074,bb,1.73,17.830,>17.830,99.990,0.147,0.057,V
2458109.99391,2017-12-22.4904288,bb,1.78,17.718,>17.718,99.990,-0.094,0.063,V
2458110.90634,2017-12-23.4027967,br,1.61,18.837,>18.837,99.990,-0.025,0.021,g
2458110.98853,2017-12-23.4849768,bb,2.06,17.742,>17.742,99.990,-0.122,0.061,V
2458112.89227,2017-12-25.3885850,br,1.51,18.949,>18.949,99.990,-0.046,0.019,g
2458113.89273,2017-12-26.3889754,br,1.47,18.757,>18.757,99.990,-0.035,0.023,g
2458115.92696,2017-12-28.4230747,br,1.45,18.917,>18.917,99.990,-0.034,0.020,g
2458124.81136,2018-01-06.3069456,br,1.52,17.733,>17.733,99.990,-0.037,0.059,g
2458125.07411,2018-01-06.5696812,bb,2.04,17.206,>17.206,99.990,0.436,0.101,V
2458126.01344,2018-01-07.5089686,bb,2.08,17.349,>17.349,99.990,0.189,0.088,V
2458127.10491,2018-01-08.6003795,bb,2.12,17.910,>17.910,99.990,-0.057,0.053,V
2458128.13543,2018-01-09.6308581,bb,1.68,17.886,>17.886,99.990,0.066,0.054,V
2458129.12136,2018-01-10.6167283,bb,1.78,17.693,>17.693,99.990,-0.014,0.064,V
2458130.12563,2018-01-11.6209621,bb,1.76,17.971,>17.971,99.990,-0.009,0.050,V
2458130.84822,2018-01-12.3435164,br,1.41,18.735,>18.735,99.990,-0.064,0.023,g
2458132.06562,2018-01-13.5608587,bb,1.74,17.873,>17.873,99.990,0.070,0.054,V
2458132.83828,2018-01-14.3334924,br,1.97,18.817,>18.817,99.990,0.007,0.022,g
2458132.96247,2018-01-14.4576744,bb,1.61,18.107,>18.107,99.990,-0.006,0.044,V
2458133.83508,2018-01-15.3302437,br,1.79,18.833,>18.833,99.990,-0.036,0.021,g
2458133.95298,2018-01-15.4481449,bb,1.75,17.901,>17.901,99.990,0.107,0.053,V
2458134.97969,2018-01-16.4748222,bb,1.71,18.142,>18.142,99.990,0.169,0.042,V
2458135.95803,2018-01-17.4531166,bb,1.99,18.211,>18.211,99.990,-0.016,0.040,V
2458137.85341,2018-01-19.3484248,br,1.59,18.644,>18.644,99.990,-0.034,0.025,g
2458137.93577,2018-01-19.4307862,bb,2.19,18.045,>18.045,99.990,-0.077,0.046,V
2458138.84968,2018-01-20.3446712,br,1.52,18.860,>18.860,99.990,0.007,0.021,g
2458138.95944,2018-01-20.4544277,bb,1.69,17.977,>17.977,99.990,-0.018,0.049,V
2458139.85094,2018-01-21.3458957,br,2.01,18.534,>18.534,99.990,0.010,0.028,g
2458141.82863,2018-01-23.3235247,br,1.39,18.728,>18.728,99.990,-0.011,0.023,g
2458141.91889,2018-01-23.4137885,bb,1.73,18.129,>18.129,99.990,0.087,0.043,V
2458142.85898,2018-01-24.3538460,br,1.35,18.875,>18.875,99.990,-0.018,0.020,g
2458143.85941,2018-01-25.3542517,br,1.38,18.814,>18.814,99.990,0.013,0.022,g
2458147.87609,2018-01-29.3708515,bb,1.72,16.903,>16.903,99.990,0.202,0.133,V
2458148.87441,2018-01-30.3691449,br,2.00,17.480,>17.480,99.990,-0.144,0.074,g
2458148.91416,2018-01-30.4089046,bb,1.70,16.691,>16.691,99.990,-0.562,0.162,V
2458158.77029,2018-02-09.2649512,br,1.45,18.614,>18.614,99.990,0.082,0.026,g
2458158.97139,2018-02-09.4660464,bb,2.07,17.780,>17.780,99.990,-0.157,0.059,V
2458159.76347,2018-02-10.2581307,br,1.54,18.956,>18.956,99.990,-0.027,0.019,g
2458161.76004,2018-02-12.2547030,br,1.54,18.764,>18.764,99.990,0.003,0.023,g
2458161.94885,2018-02-12.4435260,bb,1.68,17.884,>17.884,99.990,-0.052,0.054,V
2458162.75415,2018-02-13.2488229,br,1.43,18.719,>18.719,99.990,-0.048,0.024,g
2458164.75586,2018-02-15.2505521,br,1.48,18.870,>18.870,99.990,-0.030,0.021,g
2458170.74069,2018-02-21.2354655,br,1.44,18.401,>18.401,99.990,-0.091,0.032,g
2458170.94747,2018-02-21.4422510,bb,1.68,18.045,>18.045,99.990,-0.145,0.046,V
2458171.76722,2018-02-22.2620136,br,1.42,18.868,>18.868,99.990,0.050,0.021,g
2458180.65555,2018-03-03.1505958,br,1.83,17.286,>17.286,99.990,-0.317,0.088,g
2458181.94026,2018-03-04.4353464,br,1.59,17.296,>17.296,99.990,0.016,0.088,g
2458184.66520,2018-03-07.1603980,br,1.58,18.909,>18.909,99.990,-0.030,0.020,g
2458184.99619,2018-03-07.4913958,bb,1.68,17.636,>17.636,99.990,0.204,0.068,V
2458187.90195,2018-03-10.3972778,br,1.60,18.425,>18.425,99.990,-0.007,0.031,g
2458191.60840,2018-03-14.1039133,br,1.52,18.287,>18.287,99.990,-0.090,0.035,g
2458193.63557,2018-03-16.1311834,br,1.51,18.404,>18.404,99.990,0.073,0.032,g
2458194.73663,2018-03-17.2323081,br,1.43,18.448,>18.448,99.990,-0.060,0.030,g
2458196.82378,2018-03-19.3195703,bb,1.65,18.088,>18.088,99.990,-0.032,0.045,V
2458206.86534,2018-03-29.3617695,bb,2.08,16.771,>16.771,99.990,-0.206,0.150,V
2458208.76037,2018-03-31.2569269,br,1.56,16.943,>16.943,99.990,0.071,0.121,g
2458210.81463,2018-04-02.3113335,br,1.45,17.174,>17.174,99.990,0.005,0.098,g
2458211.66848,2018-04-03.1652442,br,1.38,17.958,>17.958,99.990,0.077,0.048,g
2458217.60882,2018-04-09.1060483,br,2.35,18.750,>18.750,99.990,-0.048,0.023,g
2458220.84620,2018-04-12.3436815,bb,1.63,17.743,>17.743,99.990,-0.192,0.061,V
2458221.84254,2018-04-13.3401031,bb,1.71,17.918,>17.918,99.990,-0.048,0.052,V
2458224.72402,2018-04-16.2218224,br,1.40,18.269,>18.269,99.990,-0.083,0.036,g
2458231.65105,2018-04-23.1494518,br,1.40,17.564,>17.564,99.990,-0.118,0.068,g
2458235.77039,2018-04-27.2691599,bb,1.72,16.527,>16.527,99.990,0.042,0.188,V
2458240.68602,2018-05-02.1852384,br,1.69,17.431,>17.431,99.990,-0.028,0.077,g
2458244.77060,2018-05-06.2701880,bb,1.72,17.847,>17.847,99.990,-0.043,0.056,V
2458248.80652,2018-05-10.3064827,bb,2.00,17.846,>17.846,99.990,0.080,0.056,V
2458251.77042,2018-05-13.2706644,bb,1.66,18.084,>18.084,99.990,0.033,0.045,V
2458253.81257,2018-05-15.3129954,bb,2.03,17.301,>17.301,99.990,-0.345,0.092,V
2458255.65465,2018-05-17.1552473,br,1.56,18.597,>18.597,99.990,-0.038,0.026,g
2458258.75026,2018-05-20.2511333,bb,1.74,16.784,>16.784,99.990,0.141,0.148,V
2458261.75547,2018-05-23.2566265,bb,1.75,17.145,>17.145,99.990,0.231,0.106,V
2458264.62494,2018-05-26.1263497,br,2.06,17.563,>17.563,99.990,-0.224,0.069,g
2458265.68217,2018-05-27.1836724,br,1.98,17.138,>17.138,99.990,-0.076,0.101,g
2458268.61544,2018-05-30.1171972,br,1.56,17.216,>17.216,99.990,-0.050,0.094,g
2458273.74681,2018-06-04.2490149,bb,2.16,17.596,>17.596,99.990,0.064,0.070,V
2458282.64191,2018-06-13.1448356,br,1.41,18.321,>18.321,99.990,-0.003,0.034,g
2458289.62331,2018-06-20.1267578,br,1.60,16.148,>16.148,99.990,0.079,0.252,g
2458402.13090,2018-10-10.6338356,bb,1.67,17.799,>17.799,99.990,0.043,0.058,V
2458418.10758,2018-10-26.6091402,bb,1.70,16.392,>16.392,99.990,0.141,0.213,V
2458419.10325,2018-10-27.6047187,bb,1.82,17.239,>17.239,99.990,-0.173,0.098,V
2458425.96533,2018-11-03.4661847,br,1.50,18.540,>18.540,99.990,-0.067,0.028,g
2458428.98650,2018-11-06.4870594,br,1.56,18.743,>18.743,99.990,-0.024,0.023,g
2458433.11095,2018-11-10.6111305,bb,1.76,18.034,>18.034,99.990,-0.044,0.047,V
2458439.91145,2018-11-17.4109936,br,1.59,18.213,>18.213,99.990,0.010,0.038,g
2458443.03416,2018-11-20.5334020,bb,2.03,16.546,>16.546,99.990,-0.154,0.185,V
2458444.03599,2018-11-21.5351386,bb,2.00,17.203,>17.203,99.990,-0.306,0.101,V
2458450.04093,2018-11-27.5395299,bb,1.78,16.506,>16.506,99.990,0.126,0.192,V
2458454.89043,2018-12-02.3885946,br,1.50,18.647,>18.647,99.990,-0.051,0.025,g
2458462.89010,2018-12-10.3875760,br,1.78,18.438,>18.438,99.990,-0.089,0.031,g
2458467.02144,2018-12-14.5185811,bB,2.24,18.809,>18.809,99.990,0.010,0.022,g
2458469.96227,2018-12-17.4591792,bB,2.15,18.128,>18.128,99.990,0.041,0.041,g
2458471.00095,2018-12-18.4977876,bB,1.76,17.996,>17.996,99.990,-0.184,0.046,g
2458471.92201,2018-12-19.4187809,br,1.51,18.015,>18.015,99.990,-0.034,0.045,g
2458475.94383,2018-12-23.4403045,br,1.69,17.570,>17.570,99.990,0.023,0.068,g
2458486.15981,2019-01-02.6556212,bB,2.04,18.984,>18.984,99.990,-0.058,0.019,g
2458487.15106,2019-01-03.6468123,bB,1.77,18.733,>18.733,99.990,0.006,0.023,g
2458489.14039,2019-01-05.6360336,bB,2.06,18.773,>18.773,99.990,0.005,0.022,g
2458490.14032,2019-01-06.6359021,bB,2.02,18.808,>18.808,99.990,0.021,0.022,g
2458491.13279,2019-01-07.6283236,bB,2.03,18.662,>18.662,99.990,0.027,0.025,g
2458494.03422,2019-01-10.5296195,bB,2.08,19.072,>19.072,99.990,-0.004,0.017,g
2458495.81634,2019-01-12.3116439,br,1.40,18.490,>18.490,99.990,0.031,0.029,g
2458496.98981,2019-01-13.4850788,bB,1.76,18.899,>18.899,99.990,0.030,0.020,g
2458498.87820,2019-01-15.3733760,bB,2.01,18.597,>18.597,99.990,-0.060,0.026,g
2458500.87101,2019-01-17.3661126,bB,2.09,18.366,>18.366,99.990,-0.007,0.033,g
2458501.87152,2019-01-18.3665811,bB,2.09,17.497,>17.497,99.990,0.061,0.073,g
2458502.82567,2019-01-19.3207021,br,1.59,17.181,>17.181,99.990,-0.055,0.097,g
2458503.82792,2019-01-20.3229106,br,1.57,16.768,>16.768,99.990,0.192,0.143,g
2458508.10452,2019-01-24.5993856,bB,2.03,17.541,>17.541,99.990,0.049,0.070,g
2458509.07617,2019-01-25.5710092,bB,2.19,17.842,>17.842,99.990,-0.049,0.053,g
2458519.81727,2019-02-05.3119438,bB,1.80,18.881,>18.881,99.990,0.020,0.020,g
2458536.83272,2019-02-22.3275158,br,1.47,17.320,>17.320,99.990,-0.046,0.086,g
2458567.61627,2019-03-25.1124017,br,1.60,18.769,>18.769,99.990,-0.031,0.023,g
2458569.96845,2019-03-27.4647256,bB,2.21,18.534,>18.534,99.990,0.013,0.028,g
2458572.75532,2019-03-30.2517944,bB,2.48,18.698,>18.698,99.990,-0.022,0.024,g
2458576.82956,2019-04-03.3263232,bB,1.71,18.854,>18.854,99.990,-0.023,0.021,g
2458577.74422,2019-04-04.2410592,br,1.48,18.570,>18.570,99.990,-0.022,0.027,g
2458578.86892,2019-04-05.3658342,bB,2.22,18.747,>18.747,99.990,-0.046,0.023,g
2458580.80941,2019-04-07.3064834,bB,1.74,18.932,>18.932,99.990,0.026,0.019,g
2458581.74764,2019-04-08.2447783,br,1.38,18.210,>18.210,99.990,-0.105,0.038,g
2458582.85406,2019-04-09.3512803,bB,1.71,18.893,>18.893,99.990,-0.038,0.020,g
2458583.75700,2019-04-10.2543060,br,1.44,18.594,>18.594,99.990,-0.095,0.027,g
2458585.64303,2019-04-12.1404788,br,1.61,18.106,>18.106,99.990,0.073,0.042,g
2458589.75067,2019-04-16.2484618,bB,2.22,17.362,>17.362,99.990,0.074,0.082,g
2458592.80169,2019-04-19.2997348,bB,2.07,17.209,>17.209,99.990,-0.229,0.095,g
2458596.80623,2019-04-23.3046241,bB,1.75,18.972,>18.972,99.990,0.027,0.019,g
2458599.63426,2019-04-26.1329106,br,1.38,18.591,>18.591,99.990,0.063,0.027,g
2458604.77704,2019-05-01.2761475,bB,2.15,18.441,>18.441,99.990,-0.042,0.031,g
2458605.73802,2019-05-02.2372184,br,1.36,18.453,>18.453,99.990,0.102,0.030,g
2458607.79347,2019-05-04.2928603,bB,1.80,18.618,>18.618,99.990,-0.067,0.026,g
2458608.77619,2019-05-05.2756711,br,1.44,18.223,>18.223,99.990,0.005,0.037,g
2458610.84393,2019-05-07.3435952,bB,1.70,18.892,>18.892,99.990,-0.008,0.020,g
2458612.83211,2019-05-09.3319593,bB,1.74,18.448,>18.448,99.990,0.027,0.030,g
2458619.80819,2019-05-16.3086761,bB,1.68,17.708,>17.708,99.990,0.073,0.060,g
2458622.79350,2019-05-19.2942685,bB,2.17,17.439,>17.439,99.990,-0.109,0.077,g
2458623.72087,2019-05-20.2217285,br,1.60,16.774,>16.774,99.990,0.293,0.142,g
2458625.79686,2019-05-22.2979050,bB,1.75,18.974,>18.974,99.990,-0.067,0.019,g
2458626.65418,2019-05-23.1552942,br,1.73,18.326,>18.326,99.990,-0.009,0.034,g
2458627.79103,2019-05-24.2922445,bB,2.31,18.491,>18.491,99.990,-0.063,0.029,g
2458630.71666,2019-05-27.2181483,br,1.48,18.005,>18.005,99.990,-0.070,0.046,g
2458635.76934,2019-06-01.2712695,bB,2.01,18.605,>18.605,99.990,-0.052,0.026,g
2458637.76210,2019-06-03.2641993,bB,1.75,18.502,>18.502,99.990,0.042,0.029,g
2458639.67536,2019-06-05.1776137,br,1.44,17.841,>17.841,99.990,0.025,0.053,g
2458640.66932,2019-06-06.1716725,br,1.46,18.253,>18.253,99.990,-0.048,0.036,g
2458644.74668,2019-06-10.2493555,bB,2.18,16.742,>16.742,99.990,0.180,0.146,g
2458646.63800,2019-06-12.1408219,br,1.53,17.390,>17.390,99.990,0.127,0.080,g
2458647.64080,2019-06-13.1437103,br,1.49,17.340,>17.340,99.990,-0.165,0.084,g
2458649.63196,2019-06-15.1350184,br,1.67,17.191,>17.191,99.990,0.058,0.097,g
2458651.62448,2019-06-17.1276901,br,1.55,16.768,>16.768,99.990,-0.276,0.142,g
2458652.63625,2019-06-18.1395403,br,2.02,17.311,>17.311,99.990,-0.005,0.086,g
2458654.62834,2019-06-20.1317684,br,1.47,17.470,>17.470,99.990,0.068,0.075,g
2458658.62236,2019-06-24.1260775,br,1.52,16.357,>16.357,99.990,-0.078,0.208,g
2458771.13972,2019-10-14.6423458,bB,1.62,16.786,>16.786,99.990,0.011,0.140,g
2458772.11729,2019-10-15.6198325,bB,2.00,17.235,>17.235,99.990,-0.033,0.093,g
2458775.13145,2019-10-18.6337421,bB,1.98,17.283,>17.283,99.990,0.026,0.089,g
2458782.96595,2019-10-26.4675484,br,1.53,18.623,>18.623,99.990,0.003,0.026,g
2458783.99236,2019-10-27.4938695,br,1.47,18.324,>18.324,99.990,0.059,0.034,g
2458791.08004,2019-11-03.5808956,bB,1.76,18.869,>18.869,99.990,0.019,0.021,g
2458796.94157,2019-11-09.4418820,br,1.42,18.498,>18.498,99.990,0.011,0.029,g
2458820.96138,2019-12-03.4594692,br,1.59,18.702,>18.702,99.990,-0.016,0.024,g
2458821.95699,2019-12-04.4549909,br,1.45,18.264,>18.264,99.990,-0.002,0.036,g
2458826.00525,2019-12-08.5029045,bB,1.68,17.983,>17.983,99.990,0.036,0.047,g
2458826.99489,2019-12-09.4924678,bB,2.05,17.568,>17.568,99.990,-0.184,0.068,g
2458828.00973,2019-12-10.5072218,bB,1.75,17.360,>17.360,99.990,-0.193,0.083,g
2458829.07907,2019-12-11.5764685,bB,2.02,17.569,>17.569,99.990,-0.070,0.068,g
2458831.01583,2019-12-13.5130688,br,1.66,16.777,>16.777,99.990,0.100,0.141,g
2458842.12532,2019-12-24.6217253,bB,1.77,18.976,>18.976,99.990,0.024,0.019,g
2458845.13747,2019-12-27.6336645,bB,1.99,18.936,>18.936,99.990,0.017,0.019,g
2458848.90876,2019-12-31.4047189,bB,2.07,18.857,>18.857,99.990,-0.029,0.021,g
2458849.87341,2020-01-01.3693140,br,1.48,18.434,>18.434,99.990,0.110,0.031,g
2458854.92727,2020-01-06.4228868,bB,2.26,17.989,>17.989,99.990,-0.006,0.046,g
2458866.77806,2020-01-18.2731368,br,1.46,18.561,>18.561,99.990,0.026,0.027,g
2458896.78548,2020-02-17.2801813,br,1.47,18.648,>18.648,99.990,-0.041,0.025,g
2458905.05026,2020-02-25.5451166,bB,2.02,18.666,>18.666,99.990,-0.022,0.025,g
2458905.85333,2020-02-26.3482092,br,1.49,18.637,>18.637,99.990,-0.077,0.025,g
2458912.01490,2020-03-03.5099789,bB,1.99,19.119,>19.119,99.990,-0.010,0.016,g
2458919.86155,2020-03-11.3569453,br,1.42,17.288,>17.288,99.990,-0.030,0.088,g
2458925.90481,2020-03-17.4005200,br,2.36,18.214,>18.214,99.990,-0.007,0.038,g
2458931.69366,2020-03-23.1897119,br,1.40,18.581,>18.581,99.990,-0.044,0.027,g
2458932.88220,2020-03-24.3783277,br,1.46,18.132,>18.132,99.990,-0.010,0.041,g
2458933.76672,2020-03-25.2629107,br,1.52,18.471,>18.471,99.990,-0.011,0.030,g
2458954.68598,2020-04-15.1837371,br,1.46,18.575,>18.575,99.990,-0.067,0.027,g
2458958.73202,2020-04-19.2301226,bB,2.43,17.495,>17.495,99.990,-0.010,0.073,g
2458959.79070,2020-04-20.2888899,br,1.70,18.304,>18.304,99.990,-0.001,0.035,g
2458963.68884,2020-04-24.1873810,br,1.65,18.423,>18.423,99.990,-0.076,0.031,g
2458966.85906,2020-04-27.3578873,bB,2.00,18.647,>18.647,99.990,0.062,0.025,g
2458968.73107,2020-04-29.2300646,br,1.41,18.005,>18.005,99.990,-0.066,0.046,g
2458981.75301,2020-05-12.2532028,bB,2.42,18.713,>18.713,99.990,-0.007,0.024,g
2458983.79907,2020-05-14.2994449,bB,2.09,18.889,>18.889,99.990,-0.056,0.020,g
2458985.71934,2020-05-16.2199023,br,1.46,18.323,>18.323,99.990,0.006,0.034,g
2458986.73141,2020-05-17.2320590,br,1.44,18.444,>18.444,99.990,-0.052,0.030,g
2458993.71357,2020-05-24.21485,br,1.44,18.371,>18.371,99.990,0.094,0.033,g
2458995.68164,2020-05-26.1830993,br,1.46,18.157,>18.157,99.990,0.033,0.040,g
2458996.70308,2020-05-27.2046281,br,1.46,18.137,>18.137,99.990,0.043,0.040,g
2459006.67366,2020-06-06.1760572,br,1.49,16.666,>16.666,99.990,-0.556,0.157,g
2459008.65594,2020-06-08.1585048,br,1.42,18.361,>18.361,99.990,0.096,0.033,g
2459011.64917,2020-06-11.1519805,br,1.48,18.256,>18.256,99.990,0.122,0.036,g
2459014.64242,2020-06-14.1454600,br,1.38,18.138,>18.138,99.990,0.029,0.040,g
2459016.63155,2020-06-16.1347449,br,1.72,17.757,>17.757,99.990,0.009,0.057,g
2459125.99295,2020-10-03.4963771,br,1.76,16.673,>16.673,99.990,0.195,0.156,g
2459127.13333,2020-10-04.6366800,bB,2.34,17.302,>17.302,99.990,0.087,0.087,g
2459129.98258,2020-10-07.4857217,br,1.45,17.298,>17.298,99.990,-0.048,0.088,g
2459132.11551,2020-10-09.6184869,bB,2.06,17.641,>17.641,99.990,0.033,0.064,g
2459137.13589,2020-10-14.6384548,bB,1.77,18.150,>18.150,99.990,0.166,0.040,g
2459147.11311,2020-10-24.6148189,bB,1.72,18.708,>18.708,99.990,-0.020,0.024,g
2459160.94818,2020-11-07.4486017,br,1.46,17.533,>17.533,99.990,0.072,0.070,g
2459166.04587,2020-11-12.5458101,bB,2.21,18.990,>18.990,99.990,0.018,0.018,g
2459167.01703,2020-11-13.5168886,bB,2.01,19.060,>19.060,99.990,0.002,0.017,g
2459171.02770,2020-11-17.5271785,bB,2.29,17.558,>17.558,99.990,0.077,0.069,g
2459179.01272,2020-11-25.5114572,bB,2.23,18.043,>18.043,99.990,-0.049,0.044,g
2459179.99852,2020-11-26.4971774,bB,2.01,17.719,>17.719,99.990,-0.252,0.059,g
2459184.97412,2020-12-01.4723302,bB,2.04,17.226,>17.226,99.990,0.222,0.093,g
2459191.96677,2020-12-08.4643656,bB,2.06,18.338,>18.338,99.990,-0.005,0.034,g
2459194.00713,2020-12-10.5045600,bB,2.06,18.744,>18.744,99.990,-0.013,0.023,g
2459196.04571,2020-12-12.5429736,bB,1.98,19.013,>19.013,99.990,0.001,0.018,g
2459206.91435,2020-12-23.4107839,bB,2.05,18.175,>18.175,99.990,-0.070,0.039,g
2459209.16018,2020-12-25.6564560,bB,1.70,18.900,>18.900,99.990,-0.013,0.020,g
2459219.06254,2021-01-04.5582171,bB,2.01,18.080,>18.080,99.990,-0.119,0.043,g
2459220.97652,2021-01-06.4720809,bB,1.98,18.647,>18.647,99.990,-0.035,0.025,g
2459222.89257,2021-01-08.3880401,bB,2.19,19.292,>19.292,99.990,-0.010,0.014,g
2459223.90711,2021-01-09.4025312,br,1.50,18.610,>18.610,99.990,0.027,0.026,g
2459228.09969,2021-01-13.5949166,bB,1.99,19.093,>19.093,99.990,-0.041,0.017,g
2459229.82449,2021-01-15.3196432,br,1.47,18.483,>18.483,99.990,0.057,0.029,g
2459232.84153,2021-01-18.3365689,br,1.51,18.692,>18.692,99.990,0.019,0.024,g
2459239.00574,2021-01-24.5005951,bB,2.03,17.920,>17.920,99.990,-0.033,0.049,g
2459241.80432,2021-01-27.2991158,br,1.77,16.776,>16.776,99.990,0.078,0.141,g
2459245.88952,2021-01-31.3842486,br,1.46,17.280,>17.280,99.990,0.215,0.089,g
2459250.64830,2021-02-05.1429688,br,1.51,18.235,>18.235,99.990,0.038,0.037,g
2459252.80904,2021-02-07.3036936,bB,2.06,18.812,>18.812,99.990,0.051,0.022,g
2459252.84596,2021-02-07.3406237,br,1.51,18.658,>18.658,99.990,-0.006,0.025,g
2459261.76321,2021-02-16.2579055,bB,1.78,18.322,>18.322,99.990,0.088,0.034,g
2459267.83300,2021-02-22.3278017,bB,1.73,18.005,>18.005,99.990,-0.057,0.046,g
2459269.68791,2021-02-24.1827561,br,1.44,17.035,>17.035,99.990,0.305,0.111,g
2459280.73429,2021-03-07.2294952,br,1.43,18.615,>18.615,99.990,-0.051,0.026,g
2459292.76822,2021-03-19.2640223,bB,2.00,18.837,>18.837,99.990,-0.029,0.021,g
2459295.90337,2021-03-22.3993528,bB,1.74,17.999,>17.999,99.990,-0.010,0.046,g
2459305.77800,2021-04-01.2746449,bB,2.00,18.643,>18.643,99.990,0.040,0.025,g
2459307.88839,2021-04-03.3851922,bB,1.75,19.135,>19.135,99.990,0.025,0.016,g
2459310.82059,2021-04-06.3176165,bB,2.35,18.885,>18.885,99.990,0.004,0.020,g
2459311.79565,2021-04-07.2927517,br,1.59,18.035,>18.035,99.990,0.027,0.044,g
2459312.83969,2021-04-08.3368671,br,1.44,18.430,>18.430,99.990,-0.029,0.031,g
2459313.82358,2021-04-09.3208435,br,1.51,18.392,>18.392,99.990,-0.013,0.032,g
2459315.81032,2021-04-11.3077365,bB,1.72,18.662,>18.662,99.990,0.046,0.025,g
2459318.74262,2021-04-14.2402792,bB,2.24,18.972,>18.972,99.990,0.006,0.019,g
2459328.79396,2021-04-24.2924799,bB,2.23,17.449,>17.449,99.990,-0.243,0.076,g
2459336.67980,2021-05-02.1790438,br,1.60,18.706,>18.706,99.990,-0.013,0.024,g
2459339.62359,2021-05-05.1231052,br,1.70,18.376,>18.376,99.990,-0.052,0.032,g
2459340.77088,2021-05-06.2704936,br,1.41,18.202,>18.202,99.990,0.007,0.038,g
2459345.82438,2021-05-11.3244631,bB,2.08,18.787,>18.787,99.990,-0.019,0.022,g
2459349.81047,2021-05-15.3109178,bB,1.82,18.754,>18.754,99.990,0.044,0.023,g
2459355.77378,2021-05-21.2747734,bB,2.18,17.762,>17.762,99.990,-0.187,0.057,g
2459359.77887,2021-05-25.2802137,bB,1.76,17.543,>17.543,99.990,0.293,0.070,g
2459363.69260,2021-05-29.1942975,br,1.45,18.116,>18.116,99.990,-0.012,0.041,g
2459363.77204,2021-05-29.2737422,bB,2.13,18.655,>18.655,99.990,-0.065,0.025,g
2459364.69434,2021-05-30.1961348,br,1.41,18.366,>18.366,99.990,0.099,0.033,g
2459366.76522,2021-06-01.2671899,bB,2.06,18.905,>18.905,99.990,-0.019,0.020,g
2459368.75813,2021-06-03.2602682,bB,2.11,18.722,>18.722,99.990,0.049,0.024,g
2459373.74510,2021-06-08.2476543,bB,2.24,17.105,>17.105,99.990,-0.155,0.105,g
2459375.65258,2021-06-10.1552921,br,1.41,18.156,>18.156,99.990,-0.063,0.040,g
2459377.64857,2021-06-12.1514358,br,1.44,18.198,>18.198,99.990,-0.064,0.038,g
2459383.62859,2021-06-18.1319171,br,1.72,17.368,>17.368,99.990,0.181,0.082,g
2459486.13711,2021-09-28.6409056,bB,2.05,16.764,16.444,0.163,0.961,0.143,g
2459487.99218,2021-09-30.4958487,br,1.49,16.571,>16.571,99.990,0.086,0.171,g
2459492.12214,2021-10-04.6255123,bB,2.03,18.439,>18.439,99.990,-0.004,0.031,g
2459493.98376,2021-10-06.4869879,br,1.54,18.010,>18.010,99.990,0.065,0.045,g
2459495.97083,2021-10-08.4739123,br,1.48,18.060,>18.060,99.990,0.015,0.043,g
2459509.08278,2021-10-21.5847732,bB,2.19,17.323,>17.323,99.990,0.220,0.085,g
2459513.07781,2021-10-25.5794537,bB,2.18,17.509,>17.509,99.990,-0.212,0.072,g
2459516.06867,2021-10-28.5700442,bB,2.05,17.552,>17.552,99.990,-0.059,0.069,g
2459521.05621,2021-11-02.5571207,bB,1.71,19.112,>19.112,99.990,-0.023,0.016,g
2459524.04815,2021-11-05.5487881,bB,2.05,18.390,>18.390,99.990,-0.014,0.032,g
2459528.03151,2021-11-09.5317695,bB,1.77,18.381,>18.381,99.990,-0.024,0.032,g
2459530.03149,2021-11-11.5315613,bB,1.76,18.941,>18.941,99.990,-0.007,0.019,g
2459533.96309,2021-11-15.4627857,br,1.52,18.394,>18.394,99.990,0.066,0.032,g
2459539.00153,2021-11-20.5007601,bB,2.01,17.281,>17.281,99.990,-0.102,0.089,g
2459542.00407,2021-11-23.5030291,br,1.50,17.270,>17.270,99.990,-0.031,0.090,g
2459547.85396,2021-11-29.3523810,br,1.40,18.467,>18.467,99.990,-0.079,0.030,g
2459548.85286,2021-11-30.3511891,br,1.43,18.432,>18.432,99.990,0.009,0.031,g
2459550.90389,2021-12-02.4020373,br,1.41,18.632,>18.632,99.990,0.086,0.026,g
2459554.88540,2021-12-06.3831979,br,1.50,18.310,>18.310,99.990,0.047,0.034,g
2459563.01825,2021-12-14.5153866,br,1.43,18.347,>18.347,99.990,0.087,0.033,g
2459568.77561,2021-12-20.2722976,br,1.53,16.055,>16.055,99.990,0.946,0.275,g
2459585.87667,2022-01-06.3722650,bB,1.73,18.452,>18.452,99.990,-0.037,0.030,g
2459586.95835,2022-01-07.4538934,br,1.45,18.476,>18.476,99.990,0.084,0.030,g
2459588.95137,2022-01-09.4468085,bB,1.72,19.090,>19.090,99.990,-0.030,0.017,g
2459591.91712,2022-01-12.4124218,br,1.46,18.285,>18.285,99.990,0.137,0.035,g
2459593.73515,2022-01-14.2303745,br,1.53,17.343,>17.343,99.990,0.192,0.084,g
2459595.89058,2022-01-16.3857099,bB,2.00,17.300,>17.300,99.990,-0.251,0.087,g
2459597.79873,2022-01-18.2937947,br,1.86,16.591,>16.591,99.990,0.021,0.168,g
2459601.98082,2022-01-22.4757449,bB,2.17,18.219,>18.219,99.990,0.008,0.037,g
2459603.94322,2022-01-24.4380930,bB,2.00,18.153,>18.153,99.990,0.012,0.040,g
2459604.86164,2022-01-25.3564870,br,1.38,18.194,>18.194,99.990,-0.104,0.038,g
2459606.89221,2022-01-27.3870106,bB,1.75,18.947,>18.947,99.990,-0.033,0.019,g
2459607.75535,2022-01-28.2501332,br,1.62,18.442,>18.442,99.990,-0.033,0.030,g
2459608.81930,2022-01-29.3140646,br,1.45,18.604,>18.604,99.990,0.051,0.026,g
2459609.98174,2022-01-30.4764818,br,1.43,18.499,>18.499,99.990,-0.060,0.029,g
2459615.01836,2022-02-04.5130493,bB,1.99,18.662,>18.662,99.990,0.040,0.025,g
2459617.85151,2022-02-07.3461708,bB,2.09,19.079,>19.079,99.990,0.022,0.017,g
2459619.85817,2022-02-09.3528373,bB,2.07,18.548,>18.548,99.990,-0.018,0.028,g
2459620.84243,2022-02-10.3370846,br,1.44,18.130,>18.130,99.990,0.050,0.041,g
2459621.98622,2022-02-11.4808918,bB,2.03,18.172,>18.172,99.990,-0.120,0.039,g
2459622.99907,2022-02-12.4937348,br,1.74,18.550,>18.550,99.990,-0.031,0.028,g
2459624.94298,2022-02-14.4376688,bB,2.02,17.196,>17.196,99.990,-0.078,0.096,g
2459629.92754,2022-02-19.4222894,bB,1.99,17.837,>17.837,99.990,0.154,0.053,g
2459631.87138,2022-02-21.3661575,bB,2.00,18.082,>18.082,99.990,-0.029,0.042,g
2459633.03336,2022-02-22.5281690,bB,2.36,17.999,>17.999,99.990,0.060,0.046,g
2459635.74213,2022-02-25.2369953,bB,2.16,18.580,>18.580,99.990,0.055,0.027,g
2459637.03517,2022-02-26.5300644,bB,2.09,18.864,>18.864,99.990,-0.045,0.021,g
2459638.88032,2022-02-28.3752813,bB,1.73,19.128,>19.128,99.990,0.019,0.016,g
2459641.99472,2022-03-03.4897818,bB,2.31,18.818,>18.818,99.990,-0.058,0.022,g
2459643.76442,2022-03-05.2595385,br,1.40,18.699,>18.699,99.990,-0.010,0.024,g
2459645.01274,2022-03-06.5079129,bB,1.72,18.731,>18.731,99.990,-0.065,0.023,g
2459646.85430,2022-03-08.3495348,br,1.40,18.654,>18.654,99.990,0.001,0.025,g
2459648.93948,2022-03-10.4348231,bB,2.02,19.311,>19.311,99.990,-0.010,0.014,g
2459651.77950,2022-03-13.2749662,bB,1.73,17.662,>17.662,99.990,0.092,0.063,g
2459657.95140,2022-03-19.4472104,bB,2.01,17.360,>17.360,99.990,0.014,0.083,g
2459659.92111,2022-03-21.4170270,bB,2.02,17.581,>17.581,99.990,-0.142,0.067,g
2459661.92648,2022-03-23.4225181,bB,1.72,17.794,>17.794,99.990,0.032,0.055,g
2459664.80839,2022-03-26.3046096,bB,2.00,18.720,>18.720,99.990,-0.057,0.024,g
2459665.84931,2022-03-27.3456042,br,1.41,18.318,>18.318,99.990,0.079,0.034,g
2459666.85209,2022-03-28.3484508,br,1.41,18.318,>18.318,99.990,-0.043,0.034,g
2459671.69241,2022-04-02.1891012,br,1.41,18.391,>18.391,99.990,-0.006,0.032,g
2459672.83441,2022-04-03.3311921,br,1.37,18.575,>18.575,99.990,-0.015,0.027,g
2459673.83653,2022-04-04.3333827,br,1.44,17.795,>17.795,99.990,0.165,0.055,g
2459674.83008,2022-04-05.3270055,br,1.46,18.625,>18.625,99.990,0.028,0.026,g
2459676.84519,2022-04-07.3422792,br,1.51,18.278,>18.278,99.990,0.048,0.035,g
2459678.65780,2022-04-09.1550265,br,1.43,17.855,>17.855,99.990,0.041,0.052,g
2459679.83792,2022-04-10.3352372,br,1.48,17.420,>17.420,99.990,-0.007,0.078,g
2459691.67446,2022-04-22.1727787,br,1.41,18.934,>18.934,99.990,0.005,0.019,g
2459692.67742,2022-04-23.1758241,br,1.41,18.806,>18.806,99.990,-0.012,0.022,g
2459693.80080,2022-04-24.2993156,br,1.38,18.234,>18.234,99.990,0.098,0.037,g
2459695.68362,2022-04-26.1822953,br,1.35,18.431,>18.431,99.990,-0.033,0.031,g
2459696.69915,2022-04-27.1979071,br,1.41,18.189,>18.189,99.990,0.004,0.038,g
2459701.65857,2022-05-02.1577773,br,1.39,18.491,>18.491,99.990,-0.053,0.029,g
2459705.66288,2022-05-06.1624587,br,1.41,18.179,>18.179,99.990,0.025,0.039,g
2459719.71586,2022-05-20.2167340,br,1.43,18.283,>18.283,99.990,-0.014,0.035,g
2459720.70794,2022-05-21.2088983,br,1.41,18.369,>18.369,99.990,-0.101,0.033,g
2459724.69499,2022-05-25.1963142,br,1.72,17.731,>17.731,99.990,-0.053,0.059,g
2459726.70194,2022-05-27.2034467,br,1.41,17.873,>17.873,99.990,0.040,0.052,g
2459728.65937,2022-05-29.1610471,br,1.70,17.816,>17.816,99.990,-0.161,0.054,g
2459731.68077,2022-06-01.1827160,br,1.44,17.666,>17.666,99.990,0.049,0.062,g
2459734.67037,2022-06-04.1725686,br,1.73,17.198,17.166,0.213,0.494,0.096,g